Description,Sequence,the first task score,the second task score
P1,MNGSTWILVCMVAIGVVAADVSHLGYNYKVPQTSYGVPSYQSAGSNYNTGYTQSSGSAGSSAGYQGLSAGQTVYQGHQGHQGHQGHQGSQGYTGYQVQGSAGNQGYSGYQGVNAASGASGISQYYPSVSSNGASSSSGSFVQPTYQVSGGSQGQSYQYQNQYQTSQQQKYQYQFQTQPAQIFKHFYVHEAPQEPEEAKPRQPVLLPPPQKHYKIIFIKTPSQAGGASQVVPVQQQNEEKTIVYVLVKKPEDYQDVVVPKIEQKPPSKPEVYFIKYKNKEDSQAVINNIVKDYDKGQNLVSISGADAGQSGSSAVYTGQVNAGAGESFVGHTGLTSGSTGSSSTGSFVSQGDASSSGGSVEYTGQQLVGSAQGISDGQLASVFTSVGQSENIGQQTSGLVFGSESSGGLNLATGHATGAGVVSSSYDSSASSTATYDNLNAISTSQGVPHETYGVPKFKEH,0.9829116,0
P2,MILHVLWLSALAWSMSKCEPPVNSYLPPNAGNGGRPSSEYGPPGRNGGGGGSSGPGGVGRPSGGNNLNQPQDSYFPPGQSGSSPDTQYGPPSGRGNQGPQRPQFGSPSQNGQNGFGQGNGGNVPSSEYGTPGQNNRPGSSRQPSGQTPFGGDNRPQSSYGPPNGNQGFNSPSSGRGNGGPGSNNGRQGQRPESSYGPPPTGGFQAPGSGPSGRLDSQMPGSSYLSPGSDSSPGGFGGRQQSGGIPSSSYGTPGFGGSGASGRGFGIGNQGSDFGGDESDEPAKYEFSYDVDDPQTGTKFHHSEQRDGDVATGEYNVELPDGRKQVVEYEAGLQGYKPQIRYEGGSGGAGSGFGSGGSRGPQGGQGGGGQGYPRGGPGESFQGGNNDIGYSQGGPGQAGRPSRFEQANDFDQGSSAQLRGQESMGYPRGGPGNGGNGQGSRGYPGGEGGQDQSFGRPGSNGLESFNGSQDGEAGYPSGRPQGGDRNRPQGNGRGFPGGQGGGGGYPSGGPQGGRGPGGSGGDDDGYPSGGPSGPRGSGY,0.9845324,1
P3,MNSLVVLLSVVALAAASPSGLLLAPSAIVAPAAVSHQSRIDIQSSPAVVSTYASAPIATAAIATPAFYAAPAAIAAPALVGAHLIHKRSAPLIAAPALTSYVASPAITTYASAPIATAAIAAPGLALAAPTVIKSAIAAPVAYAAPAAIAAPAAVSHQSRIDIKSSPAVVSTYASAPIAAAAIAAPAVYPAPAAIAAPVAIAAPSVPLDTPEVIAARAAHFQAKALAGAHLIHKRSAPLIAAPALTTYVSSPAITTYSAAPVVHSAPLVQTYSSPILKANSVHPWSLSKHQSIFVHRSDNSTQTTMYKLVVLFSVVALAAAKPGLVAPLAYSAPVAYSAAVPATSSVSQYSSSVVHGSPVVPAVYSAPAVYSAPAVYSAPAVYSSSVVAPAVALAQAPHSPAVVLDAVNGVPLDTPEVVAARAAHYQAKALASHHLRKRSVGALSYSAVPVAHSVVAAPVSYSAPVVSSYSAAPVVSAYSSPVVSAYSTPVVSPYSSPVVSAYSAPVVASPVAYSAVVPKALSVHPW,0.9601568,1
P4,MRSLLVLCVTVSAVLAADSPFKPFQFGSNKFASNAGRYNVASASATASSSAGRYNPAAYDPSRYNPGRYVDNSGRYDPSKDNSGRYVPDGSGAYNGDRGDRGAAGGFYSGSSDKGGPGGFYSGSSDKGGPGGPGGAYKPEPNDGGKYKGDKSGGAYSGGASSGSGAGGFGSGSGAGAFGSGAGASAFGGASAGASASSGFGKGSGSGASKPVQYSGSAGSGTASGAGHYDYKFGIIRFENDVEPEGYHYLYETENKILAEEAGKVEKIDNENEGIRVKGFYEFVAPDGITYRVDYIADENGFQPSGAHLPK,0.983523,1
P5,MFGKLMVFLCAAGIAAASEGYFYQAPASHGAAVVSTTAAPVYQSHVVATTAAPVYASAGAPTITTYSEPQVFHKSVSYQAAPAVSYAAQVVKQAPAVSYQTFSTPATYTASPVVFKSYAAPVSYAKSYAAPVVKSYAAAPAVSYAAAPVVKAYATAAPAVSYTAAPVVKTYATAAPAVSYSAAPAVSYSAAPVVKTYATAAPAVSYSAAPVVKTYATAAPAVSYSVAPAPLSYVKSYAAPAAVSYSAPAVSYSAPAAVSYSAPAVSYSAPAVSYSAPAVSYSAPAVSYSSYSAPAVEYGAPAYAYAAAPVHSVSYSSVPVSYVSYPGFAKKK,0.9744114,1
P6,MFAKVFAIATFVATAQAGLIPAAPALSLGHAALAAPALSLGHAVGPALSLSHTALAAPAISLGHAVAAPALSLGHAAVAAPAYGIGHGLGLGYGLGHGAIAAPALVKAAPAIVKAAPAVDYVAYPKYEFNYGVSDAHTGDQKTQHEIRDGDVVKGSYSLHEADGTVRTVHYEADDHNGFNAVVTRSGHAAHPATPIAVAAPAKTIIAAPAIAHAAPVFAHAGPALAYGGLYGYKG,0.95920676,1
P7,MISSCGVALCYLALVSSVISAPVESGFSGVQYSNAQSLTPQQTQPSYITAPQPVQPQTPAYQPQSPSFGPPTQVVSQLLLPTNVDRQIQKAAQQIAGPQYVQQIQILQQQELANQAVAAAQRRAMRQRMLAQQAQQQHGGLSGLGGQFGAASSDVYSSQALAQAQTPQQYLQYQPQTARPVARPAPQVYSRPQPQGKDEDLEEYDTPASYKFGFDVTDDQNTNYQNRQEQRDGNKISGSYSVVDSDGFIRTVTYTADPKEGFKAEVVRKPTDIVVKIPTPTPAPKEQYVQNYSAPRGQESKGNVIYQYQ,0.98225933,1
P8,MKLLVLVACALAAVSADYHQPYYGPQHVPVIQNGVPVEPPEVQKARANHLAAFGGAPQYPAAPQYNAPAPQYNAPAPQYNAPAPQYNAPAPQYNAPAPYNQGPYNAPSQPVRQTPPAYQTSRVIPAIGNNGEPLDTPEVNAAKANHFAAYSQQHAALGQALAQAQPAGQGGYGGHGGHYRKRRSIYGGYGAYPQHVPQIAANGVPLDTPEVQHAKAAHLAAVAAASARVGAAGGAAGGAYDDGSYDGRYDNGAYDGRYDNGAYDGRYDDGSYDGRYDGAYDGRYDGGYGYGGGAWAGPIHIPVINANGVPVEPAAVQQARAAHLAAVGDAAARSGPGHIGYGHAAPWGAHY,0.9824556,1
P9,MAFKLIVLAALVAVARAGYLGAPAVVAPGAPLAARAYAAPVAYAAPALRAAPLGYAAPALRAAPVAYAAPAVAKVAAPVAAAVPAAVAAEYDPHPQYSYSYDVQDALTGDSKTQQETRDGDVVQGSYSLVEPDGSIRTVDYTADPVNGFNAVVHKEAGAHPAPVVAKVAAPVAYAAPAIAKVAAPLAYAAPAYGKAILG,0.9307233,1
